clusters,average_submitted_chrg_amt_mean,average_submitted_chrg_amt_median,average_submitted_chrg_amt_count,line_srvc_cnt_mean,line_srvc_cnt_median,line_srvc_cnt_count,coverage_rate_mean,coverage_rate_median,coverage_rate_count,total_spending_mean,total_spending_median,total_spending_count,Latitude_mean,Latitude_median,Latitude_count,Longitude_mean,Longitude_median,Longitude_count
0,674.975432235541,536.0,2188,72.75639853747715,44.0,2188,0.7458117913019764,0.7529808471235323,2188,50415.6973126046,21082.720000055,2188,39.744628204753155,39.734686,2188,-104.99195775137353,-104.96698,2188
1,780.7118392327468,720.635,304,92.67105263157895,59.5,304,0.7630917698734783,0.7679044086776716,304,75837.31746695553,36005.0,304,38.500410059210566,38.528103,304,-77.3890178289469,-77.47077,304
2,565.7574169691878,495.00840336,2899,90.47292169713694,57.0,2899,0.7732202741033042,0.7717337717183653,2899,52050.35089339073,22536.0,2899,37.88910337599103,37.801878,2899,-122.29247640427782,-122.264,2899
3,815.2670855209426,690.225218085,1284,88.58411214953271,60.0,1284,0.7510345168368111,0.7589095948030773,1284,84057.15282714507,32280.000000045,1284,30.05082643613742,29.961875,1284,-90.1036544797514,-90.10197,1284
4,617.6576814695794,505.0,4701,95.1825143586471,64.0,4701,0.7529956850410725,0.7612822813839865,4701,61917.55289510723,26689.950000089997,4701,41.81236804573513,41.880682,4701,-87.68361521378647,-87.6877,4701
5,526.5477503595899,398.18,852,85.12323943661971,57.5,852,0.7359002432299175,0.7389012406565785,852,46447.33136148873,18360.300000025,852,21.30843047417849,21.313032999999997,852,-157.80457964788962,-157.85615,852
6,557.4819724047708,444.82417582,897,99.44704570791528,72.0,897,0.7483814271292224,0.757889112657926,897,57400.34936454081,23220.0,897,36.0888056700109,36.146143,897,-95.86782431438137,-95.92475,897
7,710.6247616189974,655.0,1230,91.50162601626016,57.0,1230,0.7570780886561885,0.7645559909856043,1230,69054.38035765236,28567.99999965,1230,30.33331131869904,30.294389000000002,1230,-81.64556290325237,-81.6374,1230
8,743.8356744256807,725.0,366,88.72131147540983,63.0,366,0.7535363961722925,0.76553206292517,366,66420.3072678057,31554.50000004,366,61.20211468032809,61.203953000000006,366,-149.7681860655733,-149.8144,366
9,612.3979239022766,486.0,4999,93.00180036007201,62.0,4999,0.761813105964118,0.7683235574791513,4999,59515.49486895161,26024.200000240002,4999,39.94715410562132,39.952962,4999,-75.18379991258091,-75.14589000000001,4999
10,677.998548858904,619.3362069,1021,97.03721841332028,63.0,1021,0.7614216408674573,0.7680303358719411,1021,62171.45487762203,27254.000000040003,1021,47.195183134182145,47.248953,1021,-122.4744235279124,-122.46598999999999,1021
11,594.6407120924016,534.0,3960,89.94974747474747,56.5,3960,0.7722763271463472,0.7742799221106464,3960,54360.941825739304,20736.0,3960,34.008621766414144,34.048207,3960,-118.31534213838572,-118.29866200000001,3960
12,598.6962311906519,498.75,1377,102.17138707334786,73.0,1377,0.7474037005884813,0.7565504334160755,1377,59301.87755260051,27467.999999992,1377,41.00364762018917,41.069604999999996,1377,-81.34092512708803,-81.48791,1377
13,494.63993340534864,443.584,3219,90.94563529046287,57.0,3219,0.7552163430605714,0.7655344954736212,3219,46727.02674124631,22008.0,3219,42.373856828829105,42.346996999999995,3219,-71.08753786797269,-71.09268,3219
14,799.4973900227697,739.54263566,709,91.61918194640339,62.0,709,0.7487678155258379,0.7569276749724769,709,81254.67252471503,37537.99999984,709,35.00036407052182,35.030474,709,-85.17993634696727,-85.25014,709
15,923.5459025663943,900.0,2622,86.19412662090008,50.0,2622,0.7526334981644935,0.7618507919939489,2622,84724.53474068793,31809.0699996,2622,29.827512783371528,29.704584000000004,2622,-95.4868006331048,-95.40465999999999,2622
16,430.5510338228233,357.9,209,75.55502392344498,55.0,209,0.7541222151519719,0.7562383703014419,209,34430.53449767544,17550.0,209,46.456236588516774,46.352758,209,-94.58291904306218,-94.58834,209
17,670.5776914592024,299.44741573,356,70.97191011235955,36.0,356,0.757422060048335,0.7680813674169351,356,60445.70426980318,12904.5,356,18.29525615168537,18.374896,356,-66.16339219943828,-66.06053299999999,356
18,680.7676300279246,615.51724138,53,78.79245283018868,56.0,53,0.7486538463123222,0.7545728499081048,53,58238.60641524297,37153.00000005,53,34.912267886792456,35.097719,53,-114.21532037735851,-114.30462,53
19,546.5391839430142,439.0,1291,77.47637490317584,54.0,1291,0.7364471141902624,0.7412973706939442,1291,43303.608141026234,19811.760000000002,1291,40.712107844306544,40.680064,1291,-111.82265192718721,-111.86216999999999,1291
20,692.5603218005809,552.0,432,117.84722222222223,84.0,432,0.7461730071570072,0.7567253692828335,432,78450.73520830795,35690.499999965,432,35.05930162037031,35.050612,432,-79.09214747685199,-78.97036999999999,432
21,768.3068320358086,656.0,539,102.60853432282003,72.0,539,0.7555542382679263,0.7679053581146665,539,84134.39189241937,34866.0,539,26.46935829499083,26.62365,539,-81.86050608534303,-81.8727,539
22,589.7954086382483,486.14864865,439,109.56719817767653,78.0,439,0.7497697072222503,0.7567391936248791,439,64033.14252843928,29904.99999939,439,38.06246006150337,37.997128000000004,439,-87.46350992255101,-87.52468,439
23,872.7167831711411,895.54310345,1031,91.44810863239573,58.0,1031,0.7490309166826509,0.7577067754482883,1031,79085.539049428,32717.999999879998,1031,32.72823488651778,32.730265,1031,-97.32372720853519,-97.32002,1031
24,654.4853811924409,576.0,4789,96.90457297974525,63.0,4789,0.7761010646311769,0.7763496513900049,4789,64959.77810608097,27389.0,4789,42.45545514575035,42.458502,4789,-83.13181311985593,-83.16356999999999,4789
25,528.3334378088736,355.0,87,74.66666666666667,51.0,87,0.7183266945939736,0.7240481614075499,87,41746.7008046727,18930.0,87,33.31113510344831,32.800222,87,-109.82295264367819,-109.88461000000001,87
26,593.1871590422253,462.0,1510,102.35894039735099,66.0,1510,0.7545621146398883,0.7634532451712739,1510,61093.69857616205,25659.0,1510,39.07193050198696,39.056505,1510,-94.74067348609181,-94.59640999999999,1510
27,666.2669920668064,546.66666667,8295,80.91428571428571,52.0,8295,0.7570767914653145,0.7661587613642928,8295,58144.52074262959,24498.440001,8295,40.78728212646186,40.760128,8295,-73.89992742796782,-73.94154,8295
28,573.7179382371701,487.26666667,1271,94.25649095200629,61.0,1271,0.7502548812684371,0.7583489190548917,1271,58132.79654605022,26955.0,1271,39.17881648623089,39.12721,1271,-84.54508010228149,-84.53822,1271
29,569.8917566346771,393.0,784,107.52168367346938,73.0,784,0.7477344246057445,0.7573736286560794,784,64191.80131368323,25264.50000028,784,34.787890062500104,34.752390999999996,784,-92.35935457015341,-92.3355,784
30,706.45842929177,619.38271605,1367,90.82443306510608,59.0,1367,0.7554474267837563,0.7612591126551999,1367,67696.10643013706,28875.0,1367,38.606653149231946,38.622601,1367,-90.30350755669457,-90.26182,1367
31,470.79440315475296,343.04207317,178,97.43820224719101,73.0,178,0.7368696264730251,0.7441223576484846,178,42440.155056338015,22797.0,178,47.44403280898886,47.540256,178,-114.06757039325845,-114.10566000000001,178
32,523.6167168419905,422.91935484,1336,107.97305389221557,79.0,1336,0.7457390092491867,0.7523314594423416,1336,57764.23131731967,22228.84999976,1336,34.934459922903976,34.798035,1336,-82.43306761227574,-82.39289000000001,1336
33,833.1971438213372,748.30632411,1086,88.49723756906077,54.0,1086,0.7567880327882484,0.7625862523474085,1086,75607.59956727213,27523.875,1086,29.507329806629556,29.499453999999997,1086,-98.54636476059048,-98.57166,1086
34,578.3123280183277,465.34848485,686,93.58746355685132,66.0,686,0.7510631460221848,0.7582008097466904,686,55295.256924205736,25434.49999992,686,43.06072716180784,43.037166,686,-76.02134845481095,-76.12653,686
35,559.5123866122574,480.613468635,338,100.55325443786982,76.5,338,0.7405771481829609,0.7433455493360874,338,50409.66281059038,32086.31999965,338,42.329537461538386,42.334496,338,-122.73401857988235,-122.83547,338
36,706.8794726460403,631.0,2004,90.37425149700599,61.0,2004,0.7564365654040991,0.765171536577862,2004,68786.39320860176,23916.49999999,2004,33.51235470558902,33.494152,2004,-111.99301885878376,-112.0008,2004
37,617.1234403296495,520.0,117,99.58119658119658,75.0,117,0.7457214345000894,0.7523683923233395,117,60263.01598282895,30240.0,117,35.91012770940165,35.616662,117,-105.93572396581196,-105.97926000000001,117
38,704.2325552065071,610.0,803,91.36114570361146,59.0,803,0.7508504628802466,0.760426546067614,803,64721.153188088116,31153.00000014,803,42.90095488293913,43.061546,803,-89.29313164383511,-89.40024,803
39,572.4652557245959,447.0,525,98.81714285714285,62.0,525,0.7461530448788571,0.7523169515932504,525,58113.07657140982,23529.0,525,34.738528514285775,34.728790000000004,525,-86.82242146666698,-86.63505,525
40,620.3184786600865,461.607142855,1842,87.09229098805646,58.5,1842,0.7538788823570739,0.762106202414355,1842,56444.01751356872,24489.00000006,1842,40.45221806840344,40.443269,1842,-79.97574275732984,-79.97825999999999,1842
41,384.2523440795676,306.19441059,148,103.74324324324324,75.5,148,0.733391158005787,0.7367380002668851,148,40669.79763516028,20316.000000035,148,47.258467033783695,46.839620000000004,148,-100.96661878378367,-100.7723,148
42,522.6105205361765,384.816831685,136,90.76470588235294,53.5,136,0.7457754213252111,0.7526776013917991,136,54343.86110282207,17719.000000059998,136,33.583835375,33.570135,136,-101.95224029411744,-101.88901,136
43,558.7367152744504,500.0,639,105.23787167449139,77.0,639,0.7397291652825256,0.7456177853684189,639,59256.49181535643,31444.00000008,639,41.24446522065741,41.291736,639,-96.29451588106399,-96.171104,639
44,865.9402115445874,790.0,526,97.40684410646388,61.5,526,0.7527379077101833,0.7626507887746533,526,92399.78418235596,39864.1900002,526,30.517688927756648,30.48787,526,-86.81808294106507,-87.16724,526
45,935.8139486874621,900.10625,1826,101.59857612267251,67.0,1826,0.7689247157809089,0.7700907996158038,1826,98974.80733849385,44729.0,1826,27.910809335706745,27.944631,1826,-82.49331269277127,-82.49537,1826
46,361.85472017531674,295.66216536,464,92.45905172413794,58.5,464,0.765845413164217,0.7587589438585511,464,35835.77349138444,14639.999999916,464,43.51233042887931,43.595763,464,-116.17516497844855,-116.19903000000001,464
47,504.7886129946077,475.0,2001,88.26436781609195,55.0,2001,0.7742546592759159,0.7698450258581242,2001,42452.68961021784,16695.0,2001,32.83719830584726,32.785,2001,-117.15655764167911,-117.16715,2001
48,453.20699585246876,351.93678161,192,109.22395833333333,76.0,192,0.7376224160890086,0.737092883165281,192,51367.50973951706,21768.499999940002,192,45.51734152083313,45.737525,192,-108.61245489583318,-108.48754,192
49,997.6258949252726,993.92,33,73.66666666666667,57.0,33,0.7526927561804557,0.7641359507398862,33,63765.7272723448,42351.9999989,33,58.08678490909087,58.358599,33,-134.28646363636358,-134.54748999999998,33
50,661.0772481460614,495.0,212,110.20754716981132,79.0,212,0.7489055820913408,0.7587193372754251,212,71023.04669811034,33077.430000085,212,40.3562403490567,40.428734999999996,212,-86.66550750000007,-86.81846999999999,212
51,553.1360192335106,493.64060257999995,584,94.71575342465754,62.0,584,0.8043693679473728,0.783999298983526,584,54636.06366441509,20239.499999719996,584,37.723891289383495,37.673513,584,-120.95246409417804,-120.95566000000001,584
52,541.8013969165522,521.317540325,1516,81.01385224274406,54.0,1516,0.7478531983540939,0.7567706175686342,1516,44332.34418209248,20502.0,1516,45.47574690237489,45.491023999999996,1516,-122.742975353562,-122.69379599999999,1516
53,672.4216409751679,567.0,520,121.38653846153846,76.0,520,0.7461386454283077,0.7526321820714013,520,74038.83586551051,36451.4999999,520,41.79034920384628,41.707615999999994,520,-86.2761391942306,-86.25253000000001,520
54,667.5600735520671,638.0,643,105.95956454121307,60.0,643,0.7570367504561907,0.7615836161591797,643,72056.44281491029,30204.000000000004,643,32.8827808600312,32.813518,643,-80.00982440124426,-79.94711,643
55,1007.3051463148425,956.0,1163,90.8469475494411,58.0,1163,0.7593363266391647,0.7667275462011174,1163,99341.3003354107,44188.99999989,1163,26.318868077385936,26.191111,1163,-80.18960208082555,-80.1356,1163
56,551.1399547900833,414.57594936500004,1200,97.58416666666666,67.0,1200,0.754295443977214,0.7595296455433281,1200,54772.64956668163,23771.975,1200,40.10695267750026,40.072246,1200,-76.77035723750083,-76.71328000000001,1200
57,434.49110307275754,315.06432927,729,96.61865569272976,63.0,729,0.7807092018348987,0.7749647912442299,729,40496.46086417757,19341.999999863998,729,43.17474407681801,43.214613,729,-77.60753825240079,-77.684264,729
58,750.1647910871637,646.6214957049999,384,97.53645833333333,65.0,384,0.7492629802208106,0.7581247431158469,384,79276.38218742548,34180.0,384,32.67359124218742,32.830839000000005,384,-83.45840627864595,-83.63529,384
59,684.2934071344354,588.0,1701,94.78600823045268,60.0,1701,0.7549496986040954,0.7631908989558965,1701,69878.94009402014,28696.0,1701,40.03965857671887,40.003681,1701,-82.96453992357635,-83.02148000000001,1701
60,765.3411566790271,672.3219086050001,624,101.74038461538461,67.0,624,0.7501683901348865,0.760352191821893,624,83174.32241987581,27435.500000040003,624,35.20651007211524,35.133825,624,-90.06211633333321,-89.963,624
61,586.3469274088482,441.24888889,565,100.53274336283185,69.0,565,0.7630804939932639,0.7678533308783047,565,60944.6684424354,24322.999999300002,565,32.6718077769912,32.490777,565,-93.76990086725657,-93.76760999999999,565
62,897.6495986190722,854.82278481,513,90.90448343079922,56.0,513,0.7506563331439537,0.7609387208412397,513,88896.82653023132,31710.0,513,32.02710418128671,31.775458,513,-106.31715782651042,-106.43047,513
63,612.4812571426826,477.0,878,88.32915717539863,56.0,878,0.7550174930337952,0.7638192697633434,878,58693.56528464176,25176.00000002,878,42.69043438268801,42.654978,878,-73.76392682232334,-73.80053000000001,878
64,478.6561200693189,357.63320183999997,912,94.17434210526316,65.0,912,0.7403294013968467,0.7460766773967911,912,45106.85526310701,26421.279999725,912,43.71488765350894,43.658632,912,-70.42467324561349,-70.2911,912
65,549.2048250905774,431.10853206,1270,98.70157480314961,63.0,1270,0.7587178114891753,0.7674754560510133,1270,52866.02307085195,21848.50000008,1270,36.88060769370076,36.839648,1270,-76.27204739133806,-76.24511,1270
66,537.1477554108732,421.14285714,197,99.1725888324873,71.0,197,0.7396223150012721,0.7522756774887998,197,52527.713197844,22688.4,197,46.258926913705636,46.210957,197,-118.94091629441651,-119.28137,197
67,597.7617955056248,482.0,448,94.05357142857143,63.0,448,0.7498138211930757,0.7616026996373504,448,57797.97725451643,26739.500000059998,448,37.99999048660735,37.705384,448,-97.25625832589287,-97.31777,448
68,487.1697638807507,420.57758621,297,114.24579124579125,76.0,297,0.7494244238468734,0.7593994575993627,297,57939.91393934043,35000.00000048,297,41.65629046127942,41.538582,297,-90.41674572390552,-90.56223,297
69,381.7216298533998,235.75,375,68.728,42.0,375,0.7479715168805608,0.7594015845006777,375,31690.571173336997,9480.0,375,39.173921909333224,39.072831,375,-107.71359535999989,-107.8625,375
70,782.0664881690345,716.0,29,72.82758620689656,33.0,29,0.7396869102558469,0.7507280887307735,29,49586.122413731246,20705.0,29,24.85983199999999,24.859832,29,-168.02181500000003,-168.021815,29
71,533.7836963407859,436.56491617999995,472,101.8072033898305,72.0,472,0.7305309392109516,0.7363538489078263,472,55436.138686349994,29064.499999895,472,37.03318263559314,37.161299,472,-93.07244898305072,-93.2519,472
72,639.3845368356187,505.0,1702,115.34253819036428,83.0,1702,0.7501408824217676,0.7603232994894333,1702,71916.90311988024,31153.00000012,1702,35.268957799647744,35.208991999999995,1702,-80.90741314218646,-80.85539,1702
73,740.0597313459792,653.0,2776,92.31376080691642,59.0,2776,0.7630459866291193,0.7690698360369925,2776,72666.229034571,28472.0,2776,33.829140307276305,33.794055,2776,-84.30020710266658,-84.37203000000001,2776
74,503.083998061673,421.120625,413,82.93462469733656,61.0,413,0.7488960556782233,0.757111917344093,413,44354.10682813429,23694.72,413,43.934440738498765,44.022513000000004,413,-92.60757095883774,-92.466826,413
75,625.5735886995188,493.0,1208,103.16970198675497,72.0,1208,0.7450953785507165,0.7550408302959695,1208,66918.25899002879,29709.4999999,1208,35.36868323261568,35.433659999999996,1208,-97.43887552980067,-97.52496,1208
76,429.7026666670046,359.43888889,214,99.77570093457943,77.5,214,0.7347283422195742,0.743753878697,214,43099.15401868312,29402.00000019,214,46.88290525700946,46.900348,214,-96.96734585046724,-96.81602,214
77,611.7888272290845,414.0,611,96.48281505728315,64.0,611,0.7509770117668905,0.7613599498847228,611,63336.38597379854,22890.0,611,32.433815638297716,32.334738,611,-90.21467262847769,-90.16933,611
78,783.4100446501,659.484615385,20,100.2,71.5,20,0.7412818838291297,0.7389896531492064,20,89850.6475009396,33900.49999996,20,60.82213674999999,60.766603,20,-161.3335785,-161.88006000000001,20
79,646.9501288786282,554.0,406,95.21182266009852,69.5,406,0.748663130528194,0.7523984702462452,406,57501.68465521066,29057.36499987,406,44.97930853201961,44.489059000000005,406,-88.01514522167487,-87.99717,406
80,637.1282920768189,484.882943145,370,97.63783783783784,60.0,370,0.7470975953789436,0.7569358315675332,370,65442.95597302507,25667.499999984997,370,37.87896919459461,37.833826,370,-81.312981189189,-81.2145,370
81,993.8246860215169,950.3236825399999,338,96.09171597633136,62.5,338,0.7555202307584562,0.7643946192961095,338,102353.15781055506,37449.87500009,338,27.81346958579895,27.777921999999997,338,-97.38676076923053,-97.42695,338
82,860.2707900958603,829.0,1608,99.11007462686567,67.0,1608,0.7843953782435579,0.7742607510213957,1608,86571.12283576388,38722.00000009,1608,28.651340546019853,28.557578999999997,1608,-81.34116395895555,-81.35594,1608
83,627.8599856717365,556.52096774,129,122.45736434108527,103.0,129,0.7421001811619955,0.7511654034774855,129,81179.75697666216,40042.50000012,129,43.67119501550395,44.085288,129,-103.17212274418614,-103.21335,129
84,578.3532624316401,465.50588235,1623,99.9932224276032,71.0,1623,0.7505655766406322,0.7592544906806742,1623,63066.441306230954,31780.00000019,1623,41.87463573813863,41.791776,1623,-72.62020989340728,-72.6632,1623
85,621.3499383946715,548.02083333,527,90.18026565464896,58.0,527,0.7524197478549932,0.7576660879355257,527,60264.473738123546,24440.0,527,40.73782908918421,40.702487,527,-89.45400818785598,-89.58979699999999,527
86,687.9229320869335,550.0,2619,94.12600229095075,63.0,2619,0.7708459727107073,0.772162574157966,2619,70723.0434287434,28500.0,2619,38.99085397250868,38.933310999999996,2619,-77.22080330546122,-77.10185,2619
87,586.5143803401718,368.1496063,321,94.03426791277259,62.0,321,0.7462640235058949,0.7562298568753569,321,64181.82420542302,20611.999999400003,321,33.60778646728979,33.516329999999996,321,-88.27544489408088,-88.43297,321
88,566.8348823659356,494.83196721499996,196,101.76020408163265,74.5,196,0.7614972743292605,0.7579081474358975,196,55971.35285703801,25688.0,196,39.46522403061226,39.491076,196,-121.51195770408162,-121.53735,196
89,698.7743054662244,649.738636365,276,128.5036231884058,102.0,276,0.7965089132550811,0.7839805442447789,276,89013.06054338525,51434.50000004,276,34.36104714492755,34.221512,276,-77.76814086231882,-77.88452,276
90,558.3850261560636,498.260858455,408,87.18137254901961,54.5,408,0.7851605502110705,0.7815530703369828,408,47125.59911767061,18125.0,408,35.41096817647063,35.387058,408,-118.98919321813692,-119.01595,408
91,495.88844406958094,430.46,1581,97.9348513598988,71.0,1581,0.7583803868213572,0.7665314105876351,1581,48529.40096775703,23083.0,1581,42.765167139152176,42.964176,1581,-85.69124615749593,-85.65885,1581
92,412.71566148695337,315.0,107,110.78504672897196,80.0,107,0.7409396193905017,0.7460108397569866,107,48821.4969156254,21415.100000199993,107,42.258929102803656,42.513636,107,-92.52222392523373,-92.45609,107
93,573.5847220267644,522.0,1209,102.30272952853598,67.0,1209,0.7506541912312261,0.7595575342524608,1209,57428.441803161506,26580.0,1209,35.94919441521942,35.915083,1209,-78.85142627129811,-78.857651,1209
94,693.6569144724173,602.61538462,681,85.13656387665198,53.0,681,0.7584250366847117,0.7683110441944913,681,63807.74126286518,25139.9999994,681,42.87326444640239,42.880107,681,-78.83918499265774,-78.8699,681
95,814.8440610582975,683.0,1649,101.74287446937538,67.0,1649,0.7531730179435185,0.7588387505748733,1649,80435.82881744942,43155.0,1649,43.06775761552552,43.046213,1649,-88.02955298120162,-87.94343,1649
96,880.4062935004441,748.06122449,225,82.26666666666667,54.0,225,0.7577652952779955,0.768124561700118,225,77844.34222229866,29548.0,225,30.28237017333334,30.226399,225,-93.61790417777769,-93.3636,225
97,420.0508174790483,357.35260679,538,90.09293680297398,52.0,538,0.7360696517223381,0.7382769514777137,538,39948.04959104238,17610.999999986503,538,44.185118652416406,44.265633,538,-72.68577222676555,-72.96325,538
98,731.9066028419879,567.0,816,92.68382352941177,59.0,816,0.7522294265778489,0.7616839940371265,816,71067.84954652614,28021.5,816,31.138423020833443,31.036286999999998,816,-97.52838387622437,-97.492017,816
99,550.0164755582379,479.0,337,100.89910979228486,67.0,337,0.7362607414892584,0.7441588785046729,337,51817.98382784071,23688.0,337,36.48550149554895,36.625357,337,-108.4748988130564,-108.19225,337
100,802.0247728175932,682.55617448,556,110.09532374100719,74.0,556,0.7471070935217714,0.7590261712427235,556,88253.96967618572,39352.999999780004,556,32.31118142446054,32.325214,556,-95.17350091007131,-95.29467,556
101,712.7887017852838,528.0343915349999,342,113.89473684210526,74.0,342,0.7466837746663024,0.7564220786603685,342,71752.25096502742,30079.59999988,342,47.55965722807011,47.66655,342,-117.22031520467819,-117.43173999999999,342
102,895.3416826258797,802.0,707,98.16265912305516,65.0,707,0.754405135019995,0.7621676579067381,707,94083.14265911099,41672.0,707,30.447056209335116,30.411391,707,-91.00792393210736,-91.1497,707
103,397.746056160949,261.0,235,93.53617021276595,66.0,235,0.7522473482217481,0.7610961122776169,235,40708.68680864122,19314.0,235,44.97159668936173,44.74136,235,-85.16598731914884,-85.46006,235
104,674.8416293632963,485.50359712,875,79.51885714285714,49.0,875,0.7526330516295099,0.759600109496027,875,61054.88281143271,20194.0,875,32.2220623291429,32.240571,875,-110.93090109028597,-110.94434299999999,875
105,636.6685789164551,522.55555556,393,104.89821882951654,74.0,393,0.7442248941049294,0.7537565513405776,393,66947.54239182442,32329.99999964,393,30.826839050890587,30.573563,393,-84.02955142748091,-84.16049,393
106,372.4137751370056,312.0,177,111.80790960451978,77.0,177,0.743452268509216,0.75565985643291,177,38812.99378524022,19280.000000170003,177,46.855567265536784,47.476152,177,-111.3758340677965,-111.26908999999999,177
107,945.0569746154565,926.0,901,82.56048834628191,52.0,901,0.7580285078123424,0.7662008277605434,901,83314.88413972998,35448.0,901,36.15933922641543,36.184219,901,-115.17910244395074,-115.16292,901
108,661.4189001792392,583.6469298249999,988,109.3006072874494,76.0,988,0.7555492116137543,0.7645083312730208,988,72804.99291502204,35970.0,988,38.21606310020258,38.252854,988,-85.7079750202429,-85.73899999999999,988
109,639.9089282934735,481.29,679,110.77319587628865,70.0,679,0.7514124801268485,0.7594913035598084,679,78521.43674513373,26808.18,679,34.00481744329873,34.066271,679,-80.98889340795351,-81.02492,679
110,766.3687483928513,717.0859375,614,86.30944625407166,56.0,614,0.7475536773881761,0.7583081190524534,614,71940.38749188936,27644.50000009,614,33.4790123208469,33.386041,614,-82.08917622475597,-82.09099599999999,614
111,603.5672237489957,269.21000000000004,220,97.7,63.0,220,0.7459498463274012,0.7517844819426291,220,57905.61345452419,18207.0,220,31.975262027272752,32.0571865,220,-100.02015818181776,-99.79885999999999,220
112,567.6120111324656,499.07692308,1267,90.97474348855565,50.0,1267,0.8062176730573051,0.7843359818388195,1267,52531.19108911486,16896.0,1267,34.036134389108035,34.050764,1267,-117.27418162588923,-117.25327,1267
113,608.590382018202,453.27272727,79,101.07594936708861,56.0,79,0.7505364729555433,0.7626555634619938,79,69922.18493689495,23778.000000540003,79,38.08532731645569,38.179418,79,-99.75881936708863,-99.32559,79
114,484.2958252344117,436.845394735,204,69.41176470588235,56.5,204,0.7381305704678903,0.7457857552661247,204,34935.2654901922,23951.999999909996,204,46.82705989705879,46.798339,204,-92.1099072058825,-92.09568,204
115,667.0271471357105,593.38461538,1457,102.95744680851064,70.0,1457,0.7527985471728301,0.7608021998778572,1457,71117.28790665985,35681.0,1457,40.661014459162026,40.601261,1457,-75.4516399457795,-75.37541999999999,1457
116,478.63290836353707,423.0,2650,77.06679245283019,53.0,2650,0.7641730478274918,0.7700255333314445,2650,35647.647652826,17746.52,2650,44.927529009057224,44.935315,2650,-93.29510777396429,-93.27301999999999,2650
117,633.2167930016353,498.75,1325,104.49283018867925,71.0,1325,0.7530991208598306,0.7603281183406573,1325,64272.8269886965,27588.0,1325,43.15495273660404,43.011227000000005,1325,-84.03766217056692,-83.97142,1325
118,809.0733164018127,741.199224805,1312,96.61814024390245,59.0,1312,0.7532495440178747,0.762290210479245,1312,82619.80871185414,34137.5,1312,36.21952081021364,36.186605,1312,-86.76211585365851,-86.785248,1312
119,633.4610527734461,511.29393939,2060,90.3626213592233,59.0,2060,0.7701692456952156,0.7699141818796952,2060,63315.36152914836,27305.0,2060,39.258379883980304,39.295306,2060,-76.60242593932077,-76.62118000000001,2060
120,796.7245563228787,847.13,1098,93.71493624772313,61.5,1098,0.7584097266302582,0.7655717728294704,1098,74636.50857022834,28770.1,1098,30.31032823952635,30.292424,1098,-97.75940654371486,-97.74103000000001,1098
121,575.3022107203907,493.56732673500005,220,85.30909090909091,55.0,220,0.7318649245346266,0.7338420734751523,220,53862.02654542096,26037.000000380005,220,45.04573254545462,44.958382,220,-89.64895522727285,-89.6693,220
122,653.4570801084238,539.96337911,818,99.05501222493888,70.0,818,0.7519632439443609,0.7585150303897625,818,69399.9336675937,28704.499999673997,818,37.848477783618364,38.032075,818,-84.46473675305606,-84.508361,818
123,498.60174274318535,491.15610644000003,702,91.6025641025641,59.0,702,0.8058570332928404,0.7843359818388195,702,45991.1532051522,19628.999999935,702,36.68428953846166,36.733193,702,-119.671963917379,-119.78473000000001,702
124,654.3417106419412,544.0,429,99.75524475524476,69.0,429,0.7705395356239567,0.7713520430345866,429,69565.33685332227,30881.000000239997,429,39.45075115617705,39.749457,429,-89.47337853846071,-89.60601700000001,429
125,730.1136231095134,618.99305556,347,104.45244956772335,66.0,347,0.7438244399356386,0.749988416614366,347,77385.79319891884,34980.0,347,38.49819334870322,38.473960999999996,347,-82.69372518732024,-82.64532,347
126,569.0566987541514,440.0,297,92.68013468013469,55.0,297,0.7311380309195408,0.734993003509488,297,50509.17164989924,28456.7499996,297,44.99785669023553,44.81777,297,-68.70557501683497,-68.78952,297
127,703.2529623741823,614.0,418,112.63397129186603,85.5,418,0.7561606113830708,0.7651756840476283,418,78234.10892346995,36894.4999997,418,41.066427050239305,41.098248,418,-85.08106332535962,-85.12061,418
128,366.2258019685628,302.57142857,343,96.865889212828,68.0,343,0.7412273980066446,0.7476987904106467,343,35660.14798832996,16210.99999997,343,43.22939051311944,43.525226,343,-96.4783991253642,-96.73297,343
129,550.137884815897,458.25,165,69.26666666666667,45.0,165,0.7395318003547366,0.7458846403110824,165,45751.268484822765,13577.33999991,165,44.211560642424196,44.272796,165,-121.20797236363617,-121.19173,165
130,821.6172477612608,696.25,463,105.15334773218143,74.0,463,0.7567114246296024,0.7615954170711758,463,90783.37017273203,37966.0,463,36.60546054643631,36.561341,463,-82.34681734773214,-82.3802,463
131,681.7218390570972,546.74074074,321,109.17133956386293,79.0,321,0.7991159854747188,0.7838405036726128,321,76754.89205608414,35131.000000320004,321,35.17469159190039,35.262547999999995,321,-120.56075133956325,-120.65196,321
132,564.3286967951893,435.0,523,118.0057361376673,92.0,523,0.7667137828914329,0.7700519771766782,523,65574.84663483227,31920.0,523,38.17519108795432,38.040101,523,-78.61078432313552,-78.485066,523
133,582.0765508071548,492.807017545,1536,93.34440104166667,59.0,1536,0.7527514099031339,0.757616843080869,1536,54231.49870441941,23633.00000001,1536,47.792132138020634,47.618371,1536,-122.31817399349012,-122.32855,1536
134,588.0575516943421,443.8346856,380,93.82105263157895,63.5,380,0.7421130445239127,0.7527403819019822,380,54582.65842117358,26756.99999967,380,37.42836094473684,37.632999,380,-89.11825597368433,-89.19246,380
135,725.8030059187954,701.8260869549999,44,123.93181818181819,110.0,44,0.7476465941346624,0.7572421831061831,44,83184.75000036052,28689.500000102,44,64.83507000000004,64.83507,44,-147.72044999999986,-147.72045,44
136,850.8452016845631,746.49056604,307,107.15960912052117,76.0,307,0.7503579000031337,0.7586680480873672,307,103337.94224760181,30240.0,307,30.501437058631893,30.242533,307,-92.18527104560256,-92.086077,307
137,568.3615317284498,390.94350212999996,546,95.86446886446886,68.0,546,0.7473534026302064,0.7574034526886828,546,58421.555824145034,21049.499999967502,546,36.37428787728956,36.392122,546,-94.4132502197805,-94.41371,546
138,487.5628757877458,389.97435897,1533,89.38812785388127,57.0,1533,0.7502142681950639,0.7602562609176471,1533,45454.11285714985,21384.0,1533,42.52932183822615,42.364807,1533,-71.76194558708396,-71.86108,1533
139,498.7784775318143,390.54848485,566,111.39575971731449,70.0,566,0.7547276874850818,0.7667666033598413,566,53933.021378163576,25232.619999825,566,37.22281670494678,37.236753,566,-79.7327204946996,-79.93549,566
140,519.4691768390096,401.05228758,312,91.01282051282051,58.5,312,0.7819677537440884,0.7834758403580693,312,51984.76429488161,18763.0,312,40.50400396794876,40.56816,312,-122.8901498397436,-122.41519,312
141,680.3348374350928,603.751962325,442,100.57692307692308,65.5,442,0.7535838844327892,0.7644817355011622,442,65727.70875565769,31655.000000065,442,32.072285210407145,32.043058,442,-81.17645052036217,-81.09116,442
142,597.6550607105254,404.0,257,84.40856031128405,59.0,257,0.7529692371916812,0.7664500437236348,257,63191.444746914975,19584.00000007,257,32.58068852529183,32.519393,257,-92.06337924513616,-92.08881,257
143,775.6625056420526,684.69014085,2299,87.72596781209221,59.0,2299,0.7611481096075863,0.770294825431209,2299,72196.68234884563,34220.0,2299,40.76145160678598,40.788733,2299,-74.33448680513413,-74.29969200000001,2299
144,728.5603619725747,628.58823529,449,101.96213808463251,63.0,449,0.7488050777807421,0.7577272943763395,449,72658.88930958183,27588.00000005,449,32.28499558129182,32.459435,449,-85.5728696926506,-85.4045,449
145,1067.2936234900517,1044.1818182,253,103.28853754940711,68.0,253,0.7512763941544559,0.7588534347621089,253,108156.6970357648,45012.0000004,253,26.345778339921015,26.234416999999997,253,-98.14937270355725,-98.18011,253
146,605.775296302846,498.47058824,351,100.72934472934473,69.0,351,0.7490155576852657,0.7605128448951648,351,65951.5014245392,34038.0,351,39.09179554131049,38.937608000000004,351,-92.10579985755018,-92.29003,351
147,784.0376679176146,692.3018018,886,80.97404063205417,50.0,886,0.7649894036993041,0.7703303665986505,886,72942.42548536531,28938.0,886,42.283319256207406,42.291637,886,-83.82504330925423,-83.71831,886
148,608.1369473828955,395.0,460,97.74782608695652,62.5,460,0.7492753339257144,0.7588269767019786,460,62003.14334775345,29041.999999575,460,42.06421371739135,42.182748,460,-80.00067394565191,-80.064915,460
149,822.1982002921172,780.0,525,101.57904761904761,64.0,525,0.7559334193987052,0.7648617571745152,525,85087.68278093294,39368.0,525,27.75554092571426,27.78783,525,-80.5307621904757,-80.61119000000001,525
150,419.4356517249374,295.225,80,91.8375,64.0,80,0.7325657392743229,0.7383069239454378,80,36144.008749882065,20988.920000000002,80,37.295625725000015,37.075039000000004,80,-113.4763151250002,-113.55568000000001,80
151,644.4939297894033,482.48780488,325,90.85846153846154,55.0,325,0.756546057670263,0.7687200659810409,325,62992.980677033156,26397.0,325,31.828804178461628,31.701492,325,-89.02499150153889,-89.1393,325
152,612.0726169940885,581.0,1480,94.32702702702703,60.0,1480,0.7622357272624325,0.7715386259525852,1480,59857.71482430049,31046.04,1480,41.784873645945716,41.8208,1480,-71.26658294459475,-71.41306,1480
153,581.5948050406979,498.75,459,100.33333333333333,58.0,459,0.7472124346591327,0.7578693766700251,459,53849.26760347159,23774.0,459,40.57000238997822,40.606962,459,-105.05173283224444,-105.05106,459
154,723.8025902388966,665.94642857,493,97.58620689655173,62.0,493,0.7447827307282724,0.7472634829906573,493,69129.07943189087,28854.0,493,39.40522908519262,39.499862,493,-119.80399626571909,-119.77497,493
155,611.0292928594515,528.17006803,403,93.8287841191067,65.0,403,0.7445173993298992,0.7529758702311464,403,61433.07856081188,34037.0000008,403,41.58872489578171,41.662116,403,-91.5583047394539,-91.54143,403
156,494.17795087219645,437.639330065,1312,89.37576219512195,54.5,1312,0.7891453737634703,0.7804468753815761,1312,44784.80007621703,20072.0,1312,37.256590784297856,37.34964,1312,-121.97867214176668,-121.9679,1312
157,592.3954267168394,452.0,1523,100.77938279711097,68.0,1523,0.7550018194044087,0.7616363181733286,1523,65593.2908732682,26523.0,1523,39.76954925213426,39.782841999999995,1523,-86.12267331976406,-86.15673000000001,1523
158,530.4801756719912,407.0,227,86.1453744493392,59.0,227,0.7485065904060016,0.7579238268207413,227,49054.32193835152,18980.00000003,227,35.14426018061686,35.279872,227,-111.81581938326,-111.72256000000002,227
159,593.4265224839089,440.5,648,108.69907407407408,73.0,648,0.7452808250802103,0.7549635679641851,648,65408.77228396576,24195.0,648,39.683654912037035,39.645276,648,-80.1948089320989,-79.96266899999999,648
160,618.3907799059543,540.0,286,81.58741258741259,60.5,286,0.7490276416795356,0.7569286418307062,286,53210.20923075119,30693.0,286,44.319297356643496,44.033867,286,-91.39947695804172,-91.50520999999999,286
161,630.0292675854661,541.142857145,558,79.02867383512545,49.5,558,0.75507653414395,0.760257806554129,558,52812.88388885675,23587.000000115,558,35.03697876523304,35.044339,558,-106.68510217921242,-106.672872,558
162,640.9639830889575,558.0,468,113.81837606837607,79.0,468,0.76458060053178,0.7684849860753818,468,74031.1369444544,38368.084999955,468,39.10174780769237,39.297990000000006,468,-75.04175777777789,-75.01886999999999,468
163,558.1852219911611,464.64482758500003,554,113.50541516245487,76.0,554,0.7563361694145919,0.7676277616954185,554,65669.96277974028,28795.0,554,35.53741097472909,35.626653000000005,554,-77.36110913357359,-77.37895999999999,554
164,579.0098949671394,536.1320254249999,86,106.74418604651163,64.0,86,0.7301244221085988,0.7425681615499,86,68430.1813953123,30977.999999549997,86,43.827287348837245,44.356533,86,-106.04933104651163,-106.29798999999998,86
165,603.7907504699998,502.625,70,99.95714285714286,84.5,70,0.7341080604942236,0.7466696129024053,70,57232.14428578286,33000.000000135,70,41.293436571428536,40.514262,70,-109.34818714285709,-109.54223,70
166,470.07114486168405,322.0,269,118.61338289962825,92.0,269,0.7349258016675229,0.7397798236064624,269,51062.59159851939,27406.0,269,46.76664830483283,46.595248,269,-120.53248535315954,-120.53102,269
167,529.6795065672537,459.0,429,88.8974358974359,55.0,429,0.7730049513785847,0.7767077056690312,429,48973.59104894802,16943.99999973,429,34.328629081585255,34.268736,429,-119.3964611305366,-119.2249,429
168,824.2263394791211,746.053373015,678,97.58407079646018,67.5,678,0.7578587482552037,0.7664388415987937,678,87666.90912969691,35143.8,678,29.563507302359767,29.681312,678,-82.3479039321531,-82.353862,678
169,498.2996062778827,347.0,425,93.39058823529412,65.0,425,0.7438913937594054,0.752631263006243,425,49099.87512942715,21167.999999519998,425,40.577259044705684,40.526319,425,-78.61817265882381,-78.74648,425
170,661.5686477268591,551.75531915,326,94.9601226993865,64.0,326,0.7488603042208182,0.7564576511679375,326,65905.25230055752,37155.00000004,326,39.77605585276066,39.8890785,326,-88.0688017484665,-88.21246,326
171,636.3460327612007,556.1785714299999,1118,102.15742397137745,66.0,1118,0.7584609699955849,0.7671943479037373,1118,69661.92923075665,28384.49999998,1118,41.546316545617394,41.646398,1118,-83.5881865491959,-83.6064,1118
172,617.7846970231923,509.54469274,807,88.82899628252788,57.0,807,0.7478432280966106,0.7549129009199089,807,59678.404845117424,26007.0,807,37.49715659479522,37.539694,807,-77.4760515130111,-77.42815,807
173,578.7545603873328,501.69230769,1867,88.0990894483128,54.0,1867,0.781707627220155,0.778764249423035,1867,51533.53299948691,18738.0,1867,33.83553609105467,33.787265999999995,1867,-117.86154824584959,-117.87494,1867
174,848.3087342080742,799.816199095,2306,92.83130962705984,58.0,2306,0.7484701429142016,0.7571308819722592,2306,77994.62091930816,31608.9999999,2306,32.90435520034672,32.842726,2306,-96.781546465308,-96.777626,2306
175,780.1552271046328,682.933982685,188,96.76063829787235,63.5,188,0.7488598009100881,0.7636691828715323,188,81432.69749978559,35338.49999992,188,34.468765819148935,34.613973,188,-98.57004882978725,-98.46808,188
176,654.0774739520638,512.0,47,114.0,83.0,47,0.8181720483349947,0.8600149511574567,47,82005.78723398731,43332.000000320004,47,43.37687721276594,43.357357,47,-123.86810276595749,-124.21086000000001,47
177,372.7089050142727,285.0,99,100.01010101010101,76.0,99,0.7330568182940709,0.7325982164237763,99,37635.154949569296,23319.999999900003,99,40.970220212121255,40.916866,99,-99.50415353535341,-99.11839,99
178,677.6106350641658,617.54166667,331,105.38066465256797,75.0,331,0.7478156966285889,0.7561031236930573,331,76388.72495467716,30947.999999940002,331,35.641706027190324,35.60758,331,-88.60372335347408,-88.80653000000001,331
179,649.6334507090146,463.95505618,137,114.76642335766424,73.0,137,0.7500881148114475,0.7595875966556923,137,74907.5309487395,29000.0000004,137,43.18168296350356,43.465998,137,-111.84652686131379,-112.01425,137
180,602.1101616935624,535.36363636,699,95.54935622317596,67.0,699,0.7435942849193518,0.7530130782309084,699,57257.304721057844,27457.00000036,699,38.590615025750665,38.851493,699,-104.73218665236097,-104.77856,699
181,699.0549802008833,588.0,625,97.6,62.0,625,0.7462925246610583,0.7504269486577758,625,68698.87324803747,39417.0,625,41.23534785920001,41.013364,625,-76.5179368736004,-76.604896,625
182,679.101471719819,510.0,149,88.16107382550335,53.0,149,0.7493672788595965,0.7581922324205914,149,65146.39919469148,24546.000000900003,149,31.93540508724825,31.854454999999998,149,-102.49752234899329,-102.35906,149
183,696.176000746133,667.0,1641,88.65326020719074,56.0,1641,0.7521361955164492,0.7622774708445147,1641,63435.25634980584,25500.0,1641,41.4761305575868,41.454439,1641,-81.72262676234095,-81.70342,1641
184,934.5253759710351,888.0,567,91.32980599647266,57.0,567,0.7513614289728967,0.7603614406867383,567,92967.10765403631,41632.8,567,35.87476992768963,35.923517,567,-83.8498830511465,-83.89041999999999,567
185,489.7129521702967,421.0,330,83.2090909090909,52.0,330,0.8045574219345455,0.7840172455731688,330,42682.045575754986,16987.0,330,33.519228890909176,33.762944,330,-116.03292480909111,-116.42249,330
186,651.0309142148815,520.0,1903,92.52023121387283,59.0,1903,0.7632886624437906,0.7746403368907979,1903,66395.70852341846,28320.0,1903,41.123886797687824,41.209496,1903,-73.00704523226395,-72.93673000000001,1903
187,664.7252061010415,635.6097561,242,91.50826446280992,62.0,242,0.7534823783156348,0.760941668417344,242,64008.065041473,27903.99999996,242,44.3110794710743,44.061057,242,-123.15744772727318,-123.08275,242
188,582.649348845796,475.0,485,111.92371134020618,76.0,485,0.7523015125048637,0.7608664114554633,485,65267.91476285751,24465.0,485,30.529675336082384,30.461786,485,-88.51489898556679,-88.52901,485
189,702.8003828311429,646.96,352,116.27556818181819,85.5,352,0.756077710005324,0.7650507551995023,352,88296.19204531821,39013.275000045,352,33.88583646590912,33.850218,352,-79.19998730113606,-79.03226,352
190,636.0989816118938,544.5625,961,95.63995837669094,62.0,961,0.7772016088457977,0.7706245502675624,961,59272.320978174845,25556.99999985,961,38.57691350780438,38.551106,961,-121.39122834547369,-121.45996000000001,961
191,699.9044594088657,599.58469871,1488,99.94825268817205,70.0,1488,0.7508865543642866,0.7615487170799539,1488,69330.38052428557,32672.37499997,1488,41.95804438104783,41.920228,1488,-88.14802003427451,-88.11963,1488
192,526.6595201906429,439.0,957,101.67189132706375,63.0,957,0.7514211081849218,0.7593855439622473,957,52432.840167235496,25389.0,957,36.05098910240315,36.027482,957,-80.23520468129628,-80.20728000000001,957
193,691.4542782517109,591.36818182,1010,104.75841584158415,67.0,1010,0.7612331069237493,0.771077997495668,1010,77172.77086147072,35199.499999385,1010,39.715190345545054,39.687459000000004,1010,-84.1154243069311,-84.15595,1010
194,964.2504853334367,927.21428571,103,102.67961165048544,75.0,103,0.7527906519548919,0.7632316830368994,103,103189.15087354688,58348.0,103,35.3153680097087,35.204652,103,-101.90126456310689,-101.88353000000001,103
195,479.40310950178593,415.408,313,109.59424920127796,63.0,313,0.7347439129865102,0.7457380115605913,313,44592.124153337594,25218.0,313,41.72159733226823,41.602989,313,-93.6713949201276,-93.63237,313
196,506.350222179966,405.73809524,323,116.62229102167183,87.0,323,0.7465401997710228,0.7533379536429791,323,56817.86030961285,22211.000000250002,323,39.50935052631583,39.426551,323,-81.58790260061913,-81.53706,323
197,689.231543590764,554.14814815,791,103.53350189633376,76.0,791,0.7445587607538169,0.7537786505529587,791,71845.63543608761,32683.0,791,33.48367277623281,33.544622,791,-86.76519267509477,-86.80814000000001,791
198,935.3898280552831,826.47945205,1223,85.18315617334423,52.0,1223,0.7570184610148843,0.7660107794785448,1223,89908.78371208475,34344.0000009,1223,25.818184258381002,25.814225,1223,-80.26353214227316,-80.23607,1223
199,823.5428718263428,782.0,718,86.1866295264624,60.0,718,0.7659444467179208,0.7752113014133359,718,77939.80055714252,38983.499999880005,718,40.18073134958213,40.208945,718,-74.20831591922041,-74.17194,718
